Métrica,BTS_Media,BTS_Mediana,BTS_Desv,Otros_Media,Otros_Mediana,Otros_Desv,Dif_Medias,BTS_menos_disperso
danceability,0.6089,0.606,0.1147,0.6064,0.626,0.1562,0.0025,True
energy,0.7764,0.822,0.1612,0.7091,0.753,0.2083,0.0673,True
valence,0.5381,0.544,0.2033,0.4968,0.496,0.2378,0.0414,True
tempo,120.8392,119.947,27.7826,119.839,120.019,27.7882,1.0002,True
loudness,-4.9542,-4.518,2.7503,-6.0206,-5.355,3.2015,1.0665,True
acousticness,0.1372,0.0405,0.2007,0.2549,0.145,0.2702,-0.1177,True
instrumentalness,0.0142,0.0,0.0957,0.0515,0.0,0.1921,-0.0373,True
liveness,0.2101,0.139,0.1704,0.277,0.161,0.25,-0.0669,True
speechiness,0.1654,0.0957,0.163,0.0992,0.0579,0.1034,0.0661,False
duration_min,3.6835,3.85,0.8437,3.7348,3.72,0.9168,-0.0513,True
